{
  "Ansi 0 Color" : {
    "Red Component" : 0.15686275064945221,
    "Color Space" : "Calibrated",
    "Alpha Component" : 1,
    "Blue Component" : 0.15686275064945221,
    "Green Component" : 0.15686275064945221
  },
  "Tags" : [

  ],
  "Ansi 12 Color" : {
    "Red Component" : 0.51372551918029785,
    "Color Space" : "Calibrated",
    "Alpha Component" : 1,
    "Blue Component" : 0.59607845544815063,
    "Green Component" : 0.64705884456634521
  },
  "Guid" : "67b6b6fe-6fad-4aab-8745-be8cab025881",
  "Draw Powerline Glyphs" : false,
  "Bold Color" : {
    "Red Component" : 0.90980392694473267,
    "Color Space" : "Calibrated",
    "Alpha Component" : 1,
    "Blue Component" : 0.64313727617263794,
    "Green Component" : 0.83137255907058716
  },
  "Normal Font" : "UbuntuMonoNerdFontCompleteM-Regular 17",
  "Ansi 2 Color" : {
    "Red Component" : 0.59607845544815063,
    "Color Space" : "Calibrated",
    "Alpha Component" : 1,
    "Blue Component" : 0.10196078568696976,
    "Green Component" : 0.59215688705444336
  },
  "Ansi 3 Color" : {
    "Red Component" : 0.84313726425170898,
    "Color Space" : "Calibrated",
    "Alpha Component" : 1,
    "Blue Component" : 0.12941177189350128,
    "Green Component" : 0.60000002384185791
  },
  "Rows" : 25,
  "Default Bookmark" : "No",
  "Ansi 4 Color" : {
    "Red Component" : 0.27058824896812439,
    "Color Space" : "Calibrated",
    "Alpha Component" : 1,
    "Blue Component" : 0.53333336114883423,
    "Green Component" : 0.5215686559677124
  },
  "Cursor Guide Color" : {
    "Red Component" : 0.64999997615814209,
    "Color Space" : "Calibrated",
    "Alpha Component" : 0.25,
    "Blue Component" : 1,
    "Green Component" : 0.9100000262260437
  },
  "Non-ASCII Anti Aliased" : true,
  "Use Bright Bold" : true,
  "Ansi 10 Color" : {
    "Red Component" : 0.72156864404678345,
    "Color Space" : "Calibrated",
    "Alpha Component" : 1,
    "Blue Component" : 0.14901961386203766,
    "Green Component" : 0.73333334922790527
  },
  "Ambiguous Double Width" : false,
  "Jobs to Ignore" : [
    "rlogin",
    "ssh",
    "slogin",
    "telnet"
  ],
  "Ansi 15 Color" : {
    "Red Component" : 0.92156863212585449,
    "Color Space" : "Calibrated",
    "Alpha Component" : 1,
    "Blue Component" : 0.69803923368453979,
    "Green Component" : 0.85882353782653809
  },
  "Foreground Color" : {
    "Red Component" : 0.90980392694473267,
    "Color Space" : "Calibrated",
    "Alpha Component" : 1,
    "Blue Component" : 0.64313727617263794,
    "Green Component" : 0.83137255907058716
  },
  "Working Directory" : "\/Users\/travisp",
  "Blinking Cursor" : false,
  "Disable Window Resizing" : true,
  "Sync Title" : false,
  "Prompt Before Closing 2" : false,
  "BM Growl" : true,
  "Mouse Reporting" : true,
  "Command" : "",
  "Description" : "Default",
  "Screen" : -1,
  "Selection Color" : {
    "Red Component" : 0.19607843458652496,
    "Color Space" : "Calibrated",
    "Alpha Component" : 1,
    "Blue Component" : 0.18431372940540314,
    "Green Component" : 0.18823529779911041
  },
  "Columns" : 80,
  "Idle Code" : 0,
  "Ansi 13 Color" : {
    "Red Component" : 0.82745099067687988,
    "Color Space" : "Calibrated",
    "Alpha Component" : 1,
    "Blue Component" : 0.60784316062927246,
    "Green Component" : 0.52549022436141968
  },
  "Custom Command" : "No",
  "ASCII Anti Aliased" : true,
  "Non Ascii Font" : "Monaco 12",
  "Vertical Spacing" : 1,
  "Use Bold Font" : true,
  "Option Key Sends" : 0,
  "Selected Text Color" : {
    "Red Component" : 0.70916998386383057,
    "Color Space" : "Calibrated",
    "Alpha Component" : 1,
    "Blue Component" : 0.70916998386383057,
    "Green Component" : 0.70916998386383057
  },
  "Background Color" : {
    "Red Component" : 0.10980392247438431,
    "Color Space" : "Calibrated",
    "Alpha Component" : 1,
    "Blue Component" : 0.10980392247438431,
    "Green Component" : 0.10980392247438431
  },
  "Character Encoding" : 4,
  "Ansi 11 Color" : {
    "Red Component" : 0.98039215803146362,
    "Color Space" : "Calibrated",
    "Alpha Component" : 1,
    "Blue Component" : 0.18431372940540339,
    "Green Component" : 0.74116486015319816
  },
  "Use Italic Font" : true,
  "Unlimited Scrollback" : false,
  "Keyboard Map" : {
    "0xf70d-0x20000-0x0" : {
      "Action" : 10,
      "Text" : "[21;2~"
    },
    "0xf707-0x20000-0x0" : {
      "Action" : 10,
      "Text" : "[1;2S"
    },
    "0xf705-0x40000-0x0" : {
      "Action" : 10,
      "Text" : "[1;5Q"
    },
    "0xf700-0x240000-0x0" : {
      "Action" : 10,
      "Text" : "[1;5A"
    },
    "0xf701-0x260000-0x0" : {
      "Action" : 10,
      "Text" : "[1;6B"
    },
    "0xf712-0x40000-0x0" : {
      "Action" : 10,
      "Text" : "[28;5~"
    },
    "0xf729-0x40000-0x0" : {
      "Action" : 10,
      "Text" : "[1;5H"
    },
    "0xf70a-0x40000-0x0" : {
      "Action" : 10,
      "Text" : "[18;5~"
    },
    "0xf70f-0x40000-0x0" : {
      "Action" : 10,
      "Text" : "[24;5~"
    },
    "0xf709-0x40000-0x0" : {
      "Action" : 10,
      "Text" : "[17;5~"
    },
    "0x32-0x40000-0x0" : {
      "Action" : 11,
      "Text" : "0x00"
    },
    "0xf70c-0x20000-0x0" : {
      "Action" : 10,
      "Text" : "[20;2~"
    },
    "0xf704-0x40000-0x0" : {
      "Action" : 10,
      "Text" : "[1;5P"
    },
    "0xf72b-0x20000-0x0" : {
      "Action" : 10,
      "Text" : "[1;2F"
    },
    "0xf706-0x20000-0x0" : {
      "Action" : 10,
      "Text" : "[1;2R"
    },
    "0xf711-0x40000-0x0" : {
      "Action" : 10,
      "Text" : "[26;5~"
    },
    "0xf703-0x220000-0x0" : {
      "Action" : 10,
      "Text" : "[1;2C"
    },
    "0xf700-0x220000-0x0" : {
      "Action" : 10,
      "Text" : "[1;2A"
    },
    "0xf701-0x240000-0x0" : {
      "Action" : 10,
      "Text" : "[1;5B"
    },
    "0x34-0x40000-0x0" : {
      "Action" : 11,
      "Text" : "0x1c"
    },
    "0xf702-0x260000-0x0" : {
      "Action" : 10,
      "Text" : "[1;6D"
    },
    "0xf710-0x40000-0x0" : {
      "Action" : 10,
      "Text" : "[25;5~"
    },
    "0x2d-0x40000-0x0" : {
      "Action" : 11,
      "Text" : "0x1f"
    },
    "0xf70e-0x40000-0x0" : {
      "Action" : 10,
      "Text" : "[23;5~"
    },
    "0xf708-0x40000-0x0" : {
      "Action" : 10,
      "Text" : "[15;5~"
    },
    "0xf70b-0x20000-0x0" : {
      "Action" : 10,
      "Text" : "[19;2~"
    },
    "0xf705-0x20000-0x0" : {
      "Action" : 10,
      "Text" : "[1;2Q"
    },
    "0x36-0x40000-0x0" : {
      "Action" : 11,
      "Text" : "0x1e"
    },
    "0xf70d-0x40000-0x0" : {
      "Action" : 10,
      "Text" : "[21;5~"
    },
    "0xf70f-0x20000-0x0" : {
      "Action" : 10,
      "Text" : "[24;2~"
    },
    "0xf729-0x20000-0x0" : {
      "Action" : 10,
      "Text" : "[1;2H"
    },
    "0x38-0x40000-0x0" : {
      "Action" : 11,
      "Text" : "0x7f"
    },
    "0xf700-0x260000-0x0" : {
      "Action" : 10,
      "Text" : "[1;6A"
    },
    "0xf701-0x220000-0x0" : {
      "Action" : 10,
      "Text" : "[1;2B"
    },
    "0xf703-0x260000-0x0" : {
      "Action" : 10,
      "Text" : "[1;6C"
    },
    "0xf70a-0x20000-0x0" : {
      "Action" : 10,
      "Text" : "[18;2~"
    },
    "0xf709-0x20000-0x0" : {
      "Action" : 10,
      "Text" : "[17;2~"
    },
    "0xf707-0x40000-0x0" : {
      "Action" : 10,
      "Text" : "[1;5S"
    },
    "0xf702-0x240000-0x0" : {
      "Action" : 10,
      "Text" : "[1;5D"
    },
    "0x33-0x40000-0x0" : {
      "Action" : 11,
      "Text" : "0x1b"
    },
    "0xf70c-0x40000-0x0" : {
      "Action" : 10,
      "Text" : "[20;5~"
    },
    "0xf70e-0x20000-0x0" : {
      "Action" : 10,
      "Text" : "[23;2~"
    },
    "0xf706-0x40000-0x0" : {
      "Action" : 10,
      "Text" : "[1;5R"
    },
    "0xf708-0x20000-0x0" : {
      "Action" : 10,
      "Text" : "[15;2~"
    },
    "0xf704-0x20000-0x0" : {
      "Action" : 10,
      "Text" : "[1;2P"
    },
    "0xf72b-0x40000-0x0" : {
      "Action" : 10,
      "Text" : "[1;5F"
    },